epoch,steps,cosine_pearson,cosine_spearman
1.0,15302,0.9137543538671222,0.8480427565156706
