epoch,steps,cosine_pearson,cosine_spearman
1.0,33523,0.9638974108640574,0.8623149269654499
