epoch,steps,cosine_pearson,cosine_spearman
1.0,33523,0.9738672494395867,0.86366617233475
