epoch,steps,cosine_pearson,cosine_spearman
1.0,15302,0.9329971509936006,0.8556527131432082
