epoch,steps,cosine_pearson,cosine_spearman
1.0,25162,0.9482166191117862,0.8584849054028979
